Session ID,Total Time,Action Name,Count,Timer Name,Duration
3787edfa3581459db4af21ada00a2436,1601.30188,Help_opened_InputLayer,1,,
3787edfa3581459db4af21ada00a2436,1601.30188,StageOne_InputLayer_Help_Pressed,1,,
3787edfa3581459db4af21ada00a2436,1601.30188,StageOne_Input_AddNode_Pressed,8,,
3787edfa3581459db4af21ada00a2436,1601.30188,Help_opened_HiddenLayers,1,,
3787edfa3581459db4af21ada00a2436,1601.30188,StageOne_HiddenLayers_Help_Pressed,1,,
3787edfa3581459db4af21ada00a2436,1601.30188,StageOne_Hidden_AddLayer_Pressed,11,,
3787edfa3581459db4af21ada00a2436,1601.30188,StageOne_Hidden_RemoveLayer_Pressed,11,,
3787edfa3581459db4af21ada00a2436,1601.30188,StageOne_Hidden_AddNode_Pressed,75,,
3787edfa3581459db4af21ada00a2436,1601.30188,StageOne_Hidden_RemoveNode_Pressed,75,,
3787edfa3581459db4af21ada00a2436,1601.30188,Help_opened_OutputLayer,1,,
3787edfa3581459db4af21ada00a2436,1601.30188,StageOne_OutputLayer_Help_Pressed,1,,
3787edfa3581459db4af21ada00a2436,1601.30188,StageOne_Output_AddNode_Pressed,8,,
3787edfa3581459db4af21ada00a2436,1601.30188,StageOne_Test_Pressed,19,,
3787edfa3581459db4af21ada00a2436,1601.30188,StageOne_Input_RemoveNode_Pressed,5,,
3787edfa3581459db4af21ada00a2436,1601.30188,StageOne_Output_RemoveNode_Pressed,5,,
3787edfa3581459db4af21ada00a2436,1601.30188,StageTwo_1_Goal,1,,
3787edfa3581459db4af21ada00a2436,1601.30188,StageTwo_1_Start_Pressed,1,,
3787edfa3581459db4af21ada00a2436,1601.30188,StageTwo_2_Enemy,3,,
3787edfa3581459db4af21ada00a2436,1601.30188,StageTwo_2_Buff,2,,
3787edfa3581459db4af21ada00a2436,1601.30188,StageTwo_2_RL_MaxEpisodes_Interacted,4,,
3787edfa3581459db4af21ada00a2436,1601.30188,StageTwo_2_Start_Pressed,8,,
3787edfa3581459db4af21ada00a2436,1601.30188,StageTwo_2_Stop_Pressed,7,,
3787edfa3581459db4af21ada00a2436,1601.30188,StageTwo_2_RL_MaxSteps_Interacted,3,,
3787edfa3581459db4af21ada00a2436,1601.30188,StageTwo_2_RL_LearningRate_Interacted,2,,
3787edfa3581459db4af21ada00a2436,1601.30188,StageTwo_3_Start_Pressed,6,,
3787edfa3581459db4af21ada00a2436,1601.30188,StageTwo_3_RL_ExplorationRate_Interacted,2,,
3787edfa3581459db4af21ada00a2436,1601.30188,StageTwo_3_Stop_Pressed,5,,
3787edfa3581459db4af21ada00a2436,1601.30188,StageTwo_3_RL_LearningRate_Interacted,1,,
3787edfa3581459db4af21ada00a2436,1601.30188,StageTwo_3_RL_MaxSteps_Interacted,2,,
3787edfa3581459db4af21ada00a2436,1601.30188,StageTwo_3_Goal,2,,
3787edfa3581459db4af21ada00a2436,1601.30188,StageTwo_3_Collectible,2,,
3787edfa3581459db4af21ada00a2436,1601.30188,,,StageOneTime,775.758728
3787edfa3581459db4af21ada00a2436,1601.30188,,,StageTwoTime,806.0941772
9a0e103e4bdf43fa9b4eae46d07c0da4,244.9604034,,,PaperOpen,241.8679657
974a26529cc448dba1964f330566d8f9,207.4726715,,,PaperOpen,203.7488861
687efab884ec4d209ddd4b7aa65167c8,21.04407501,,,PaperOpen,10.86762142
c8d761fa7ddb4920ae54668aec789f8f,1873.9198,Help_opened_InputLayer,1,,
c8d761fa7ddb4920ae54668aec789f8f,1873.9198,StageOne_InputLayer_Help_Pressed,1,,
c8d761fa7ddb4920ae54668aec789f8f,1873.9198,Help_opened_HiddenLayers,1,,
c8d761fa7ddb4920ae54668aec789f8f,1873.9198,StageOne_HiddenLayers_Help_Pressed,1,,
c8d761fa7ddb4920ae54668aec789f8f,1873.9198,StageOne_Input_AddNode_Pressed,12,,
c8d761fa7ddb4920ae54668aec789f8f,1873.9198,StageOne_Hidden_AddLayer_Pressed,6,,
c8d761fa7ddb4920ae54668aec789f8f,1873.9198,StageOne_Hidden_RemoveLayer_Pressed,6,,
c8d761fa7ddb4920ae54668aec789f8f,1873.9198,StageOne_Output_AddNode_Pressed,11,,
c8d761fa7ddb4920ae54668aec789f8f,1873.9198,StageOne_Hidden_AddNode_Pressed,31,,
c8d761fa7ddb4920ae54668aec789f8f,1873.9198,StageOne_Hidden_RemoveNode_Pressed,31,,
c8d761fa7ddb4920ae54668aec789f8f,1873.9198,StageOne_Test_Pressed,9,,
c8d761fa7ddb4920ae54668aec789f8f,1873.9198,StageTwo_1_Start_Pressed,5,,
c8d761fa7ddb4920ae54668aec789f8f,1873.9198,StageTwo_1_Goal,1,,
c8d761fa7ddb4920ae54668aec789f8f,1873.9198,StageTwo_1_Dangerous,1,,
c8d761fa7ddb4920ae54668aec789f8f,1873.9198,StageTwo_1_RL_LearningRate_Interacted,3,,
c8d761fa7ddb4920ae54668aec789f8f,1873.9198,StageTwo_1_RL_MaxSteps_Interacted,1,,
c8d761fa7ddb4920ae54668aec789f8f,1873.9198,Help_opened_RLConfiguration,1,,
c8d761fa7ddb4920ae54668aec789f8f,1873.9198,StageTwo_1_Help_Settings_Pressed,1,,
c8d761fa7ddb4920ae54668aec789f8f,1873.9198,StageTwo_2_Enemy,1,,
c8d761fa7ddb4920ae54668aec789f8f,1873.9198,StageTwo_2_Start_Pressed,1,,
c8d761fa7ddb4920ae54668aec789f8f,1873.9198,StageTwo_2_RL_MaxSteps_Interacted,2,,
c8d761fa7ddb4920ae54668aec789f8f,1873.9198,StageTwo_3_RL_ExplorationRate_Interacted,1,,
c8d761fa7ddb4920ae54668aec789f8f,1873.9198,StageTwo_3_Collectible,1,,
c8d761fa7ddb4920ae54668aec789f8f,1873.9198,StageTwo_3_Start_Pressed,1,,
c8d761fa7ddb4920ae54668aec789f8f,1873.9198,,,StageOneTime,599.77771
c8d761fa7ddb4920ae54668aec789f8f,1873.9198,,,StageTwoTime,1205.779053
09baa2f240524eddb3bf0c3c93a4037e,1145.174927,Help_opened_InputLayer,1,,
09baa2f240524eddb3bf0c3c93a4037e,1145.174927,StageOne_InputLayer_Help_Pressed,1,,
09baa2f240524eddb3bf0c3c93a4037e,1145.174927,StageOne_Input_AddNode_Pressed,7,,
09baa2f240524eddb3bf0c3c93a4037e,1145.174927,StageOne_Hidden_AddLayer_Pressed,7,,
09baa2f240524eddb3bf0c3c93a4037e,1145.174927,StageOne_Hidden_RemoveLayer_Pressed,7,,
09baa2f240524eddb3bf0c3c93a4037e,1145.174927,StageOne_Hidden_AddNode_Pressed,39,,
09baa2f240524eddb3bf0c3c93a4037e,1145.174927,StageOne_Hidden_RemoveNode_Pressed,39,,
09baa2f240524eddb3bf0c3c93a4037e,1145.174927,StageOne_Output_AddNode_Pressed,9,,
09baa2f240524eddb3bf0c3c93a4037e,1145.174927,StageOne_Output_RemoveNode_Pressed,5,,
09baa2f240524eddb3bf0c3c93a4037e,1145.174927,Help_opened_HiddenLayers,1,,
09baa2f240524eddb3bf0c3c93a4037e,1145.174927,StageOne_HiddenLayers_Help_Pressed,1,,
09baa2f240524eddb3bf0c3c93a4037e,1145.174927,Help_opened_OutputLayer,1,,
09baa2f240524eddb3bf0c3c93a4037e,1145.174927,StageOne_OutputLayer_Help_Pressed,1,,
09baa2f240524eddb3bf0c3c93a4037e,1145.174927,StageOne_Test_Pressed,12,,
09baa2f240524eddb3bf0c3c93a4037e,1145.174927,StageOne_Input_RemoveNode_Pressed,2,,
09baa2f240524eddb3bf0c3c93a4037e,1145.174927,StageOne_LearningRate_Interacted,1,,
09baa2f240524eddb3bf0c3c93a4037e,1145.174927,StageTwo_1_Dangerous,4,,
09baa2f240524eddb3bf0c3c93a4037e,1145.174927,StageTwo_1_Goal,2,,
09baa2f240524eddb3bf0c3c93a4037e,1145.174927,StageTwo_1_RL_LearningRate_Interacted,5,,
09baa2f240524eddb3bf0c3c93a4037e,1145.174927,StageTwo_1_RL_MaxSteps_Interacted,5,,
09baa2f240524eddb3bf0c3c93a4037e,1145.174927,StageTwo_1_Start_Pressed,7,,
09baa2f240524eddb3bf0c3c93a4037e,1145.174927,StageTwo_1_Stop_Pressed,6,,
09baa2f240524eddb3bf0c3c93a4037e,1145.174927,StageTwo_2_RL_LearningRate_Interacted,2,,
09baa2f240524eddb3bf0c3c93a4037e,1145.174927,StageTwo_2_RL_MaxSteps_Interacted,3,,
09baa2f240524eddb3bf0c3c93a4037e,1145.174927,StageTwo_2_RL_MaxEpisodes_Interacted,1,,
09baa2f240524eddb3bf0c3c93a4037e,1145.174927,StageTwo_2_Buff,1,,
09baa2f240524eddb3bf0c3c93a4037e,1145.174927,StageTwo_2_Enemy,1,,
09baa2f240524eddb3bf0c3c93a4037e,1145.174927,StageTwo_2_Start_Pressed,1,,
09baa2f240524eddb3bf0c3c93a4037e,1145.174927,StageTwo_3_RL_LearningRate_Interacted,5,,
09baa2f240524eddb3bf0c3c93a4037e,1145.174927,StageTwo_3_Collectible,1,,
09baa2f240524eddb3bf0c3c93a4037e,1145.174927,StageTwo_3_Enemy,1,,
09baa2f240524eddb3bf0c3c93a4037e,1145.174927,StageTwo_3_RL_MaxEpisodes_Interacted,2,,
09baa2f240524eddb3bf0c3c93a4037e,1145.174927,StageTwo_3_RL_MaxSteps_Interacted,1,,
09baa2f240524eddb3bf0c3c93a4037e,1145.174927,StageTwo_3_RL_ExplorationRate_Interacted,1,,
09baa2f240524eddb3bf0c3c93a4037e,1145.174927,StageTwo_3_Start_Pressed,1,,
09baa2f240524eddb3bf0c3c93a4037e,1145.174927,,,StageOneTime,413.6294861
09baa2f240524eddb3bf0c3c93a4037e,1145.174927,,,StageTwoTime,704.4190674
c982aa7a948d45e2a01cdc7f9dc7e091,1444.152344,Help_opened_InputLayer,8,,
c982aa7a948d45e2a01cdc7f9dc7e091,1444.152344,StageOne_InputLayer_Help_Pressed,8,,
c982aa7a948d45e2a01cdc7f9dc7e091,1444.152344,StageOne_Input_AddNode_Pressed,6,,
c982aa7a948d45e2a01cdc7f9dc7e091,1444.152344,StageOne_Hidden_AddLayer_Pressed,7,,
c982aa7a948d45e2a01cdc7f9dc7e091,1444.152344,StageOne_Hidden_RemoveLayer_Pressed,7,,
c982aa7a948d45e2a01cdc7f9dc7e091,1444.152344,Help_opened_HiddenLayers,4,,
c982aa7a948d45e2a01cdc7f9dc7e091,1444.152344,StageOne_HiddenLayers_Help_Pressed,4,,
c982aa7a948d45e2a01cdc7f9dc7e091,1444.152344,StageOne_Hidden_AddNode_Pressed,22,,
c982aa7a948d45e2a01cdc7f9dc7e091,1444.152344,StageOne_Hidden_RemoveNode_Pressed,22,,
c982aa7a948d45e2a01cdc7f9dc7e091,1444.152344,Help_opened_OutputLayer,3,,
c982aa7a948d45e2a01cdc7f9dc7e091,1444.152344,StageOne_OutputLayer_Help_Pressed,3,,
c982aa7a948d45e2a01cdc7f9dc7e091,1444.152344,StageOne_Output_AddNode_Pressed,7,,
c982aa7a948d45e2a01cdc7f9dc7e091,1444.152344,StageOne_Test_Pressed,20,,
c982aa7a948d45e2a01cdc7f9dc7e091,1444.152344,StageOne_Output_RemoveNode_Pressed,1,,
c982aa7a948d45e2a01cdc7f9dc7e091,1444.152344,Help_opened_TrainingCycle,1,,
c982aa7a948d45e2a01cdc7f9dc7e091,1444.152344,StageOne_TrainingCycle_Help_Pressed,1,,
c982aa7a948d45e2a01cdc7f9dc7e091,1444.152344,Help_opened_LearningRate,1,,
c982aa7a948d45e2a01cdc7f9dc7e091,1444.152344,StageOne_LearningRate_Help_Pressed,1,,
c982aa7a948d45e2a01cdc7f9dc7e091,1444.152344,StageOne_TrainingCycle_Interacted,2,,
c982aa7a948d45e2a01cdc7f9dc7e091,1444.152344,StageOne_LearningRate_Interacted,1,,
c982aa7a948d45e2a01cdc7f9dc7e091,1444.152344,Help_opened_RewardAdjuster,5,,
c982aa7a948d45e2a01cdc7f9dc7e091,1444.152344,StageTwo_1_Help_Reward_Pressed,2,,
c982aa7a948d45e2a01cdc7f9dc7e091,1444.152344,StageTwo_1_Goal,1,,
c982aa7a948d45e2a01cdc7f9dc7e091,1444.152344,StageTwo_1_RL_LearningRate_Interacted,2,,
c982aa7a948d45e2a01cdc7f9dc7e091,1444.152344,Help_opened_RLConfiguration,7,,
c982aa7a948d45e2a01cdc7f9dc7e091,1444.152344,StageTwo_1_Help_Settings_Pressed,1,,
c982aa7a948d45e2a01cdc7f9dc7e091,1444.152344,StageTwo_1_RL_MaxSteps_Interacted,3,,
c982aa7a948d45e2a01cdc7f9dc7e091,1444.152344,StageTwo_1_Start_Pressed,3,,
c982aa7a948d45e2a01cdc7f9dc7e091,1444.152344,StageTwo_1_Stop_Pressed,2,,
c982aa7a948d45e2a01cdc7f9dc7e091,1444.152344,StageTwo_2_Help_Reward_Pressed,3,,
c982aa7a948d45e2a01cdc7f9dc7e091,1444.152344,StageTwo_2_Start_Pressed,2,,
c982aa7a948d45e2a01cdc7f9dc7e091,1444.152344,StageTwo_2_Stop_Pressed,1,,
c982aa7a948d45e2a01cdc7f9dc7e091,1444.152344,StageTwo_2_RL_LearningRate_Interacted,2,,
c982aa7a948d45e2a01cdc7f9dc7e091,1444.152344,StageTwo_2_Help_Settings_Pressed,3,,
c982aa7a948d45e2a01cdc7f9dc7e091,1444.152344,StageTwo_2_RL_MaxEpisodes_Interacted,4,,
c982aa7a948d45e2a01cdc7f9dc7e091,1444.152344,StageTwo_2_RL_MaxSteps_Interacted,6,,
c982aa7a948d45e2a01cdc7f9dc7e091,1444.152344,StageTwo_3_Help_Settings_Pressed,3,,
c982aa7a948d45e2a01cdc7f9dc7e091,1444.152344,StageTwo_3_RL_LearningRate_Interacted,2,,
c982aa7a948d45e2a01cdc7f9dc7e091,1444.152344,StageTwo_3_RL_ExplorationRate_Interacted,3,,
c982aa7a948d45e2a01cdc7f9dc7e091,1444.152344,StageTwo_3_RL_MaxEpisodes_Interacted,1,,
c982aa7a948d45e2a01cdc7f9dc7e091,1444.152344,StageTwo_3_RL_MaxSteps_Interacted,2,,
c982aa7a948d45e2a01cdc7f9dc7e091,1444.152344,StageTwo_3_Start_Pressed,2,,
c982aa7a948d45e2a01cdc7f9dc7e091,1444.152344,StageTwo_3_Stop_Pressed,1,,
c982aa7a948d45e2a01cdc7f9dc7e091,1444.152344,,,StageOneTime,621.0842896
c982aa7a948d45e2a01cdc7f9dc7e091,1444.152344,,,StageTwoTime,792.1409912
9947843c590a40a48d62f0362b2662ca,1416.50061,Help_opened_InputLayer,1,,
9947843c590a40a48d62f0362b2662ca,1416.50061,StageOne_InputLayer_Help_Pressed,1,,
9947843c590a40a48d62f0362b2662ca,1416.50061,StageOne_Input_AddNode_Pressed,13,,
9947843c590a40a48d62f0362b2662ca,1416.50061,StageOne_Hidden_AddLayer_Pressed,4,,
9947843c590a40a48d62f0362b2662ca,1416.50061,StageOne_Hidden_RemoveLayer_Pressed,4,,
9947843c590a40a48d62f0362b2662ca,1416.50061,StageOne_Output_AddNode_Pressed,6,,
9947843c590a40a48d62f0362b2662ca,1416.50061,StageOne_Hidden_AddNode_Pressed,28,,
9947843c590a40a48d62f0362b2662ca,1416.50061,StageOne_Hidden_RemoveNode_Pressed,28,,
9947843c590a40a48d62f0362b2662ca,1416.50061,Help_opened_HiddenLayers,1,,
9947843c590a40a48d62f0362b2662ca,1416.50061,StageOne_HiddenLayers_Help_Pressed,1,,
9947843c590a40a48d62f0362b2662ca,1416.50061,Help_opened_OutputLayer,1,,
9947843c590a40a48d62f0362b2662ca,1416.50061,StageOne_OutputLayer_Help_Pressed,1,,
9947843c590a40a48d62f0362b2662ca,1416.50061,StageOne_Input_RemoveNode_Pressed,5,,
9947843c590a40a48d62f0362b2662ca,1416.50061,StageOne_Test_Pressed,10,,
9947843c590a40a48d62f0362b2662ca,1416.50061,StageOne_Output_RemoveNode_Pressed,1,,
9947843c590a40a48d62f0362b2662ca,1416.50061,Help_opened_LearningRate,1,,
9947843c590a40a48d62f0362b2662ca,1416.50061,StageOne_LearningRate_Help_Pressed,1,,
9947843c590a40a48d62f0362b2662ca,1416.50061,Help_opened_RewardAdjuster,3,,
9947843c590a40a48d62f0362b2662ca,1416.50061,StageTwo_1_Help_Reward_Pressed,2,,
9947843c590a40a48d62f0362b2662ca,1416.50061,StageTwo_1_Goal,1,,
9947843c590a40a48d62f0362b2662ca,1416.50061,StageTwo_1_Start_Pressed,1,,
9947843c590a40a48d62f0362b2662ca,1416.50061,StageTwo_2_Help_Reward_Pressed,1,,
9947843c590a40a48d62f0362b2662ca,1416.50061,StageTwo_2_Start_Pressed,2,,
9947843c590a40a48d62f0362b2662ca,1416.50061,Help_opened_RLConfiguration,2,,
9947843c590a40a48d62f0362b2662ca,1416.50061,StageTwo_2_Help_Settings_Pressed,1,,
9947843c590a40a48d62f0362b2662ca,1416.50061,StageTwo_2_RL_LearningRate_Interacted,2,,
9947843c590a40a48d62f0362b2662ca,1416.50061,StageTwo_2_Stop_Pressed,1,,
9947843c590a40a48d62f0362b2662ca,1416.50061,StageTwo_2_RL_MaxEpisodes_Interacted,1,,
9947843c590a40a48d62f0362b2662ca,1416.50061,StageTwo_3_RL_LearningRate_Interacted,2,,
9947843c590a40a48d62f0362b2662ca,1416.50061,StageTwo_3_RL_ExplorationRate_Interacted,3,,
9947843c590a40a48d62f0362b2662ca,1416.50061,StageTwo_3_RL_MaxSteps_Interacted,3,,
9947843c590a40a48d62f0362b2662ca,1416.50061,StageTwo_3_RL_MaxEpisodes_Interacted,2,,
9947843c590a40a48d62f0362b2662ca,1416.50061,StageTwo_3_Help_Settings_Pressed,1,,
9947843c590a40a48d62f0362b2662ca,1416.50061,StageTwo_3_Start_Pressed,2,,
9947843c590a40a48d62f0362b2662ca,1416.50061,StageTwo_3_Collectible,3,,
9947843c590a40a48d62f0362b2662ca,1416.50061,,,StageOneTime,610.3948975
9947843c590a40a48d62f0362b2662ca,1416.50061,,,StageTwoTime,771.7293701
98ec0160fdd5432a853c52990c19cc5a,4444.52832,Help_opened_InputLayer,2,,
98ec0160fdd5432a853c52990c19cc5a,4444.52832,StageOne_InputLayer_Help_Pressed,2,,
98ec0160fdd5432a853c52990c19cc5a,4444.52832,StageOne_Input_AddNode_Pressed,4,,
98ec0160fdd5432a853c52990c19cc5a,4444.52832,StageOne_Hidden_AddLayer_Pressed,3,,
98ec0160fdd5432a853c52990c19cc5a,4444.52832,StageOne_Hidden_RemoveLayer_Pressed,3,,
98ec0160fdd5432a853c52990c19cc5a,4444.52832,StageOne_Hidden_AddNode_Pressed,13,,
98ec0160fdd5432a853c52990c19cc5a,4444.52832,StageOne_Hidden_RemoveNode_Pressed,13,,
98ec0160fdd5432a853c52990c19cc5a,4444.52832,StageOne_Output_AddNode_Pressed,5,,
98ec0160fdd5432a853c52990c19cc5a,4444.52832,StageOne_Test_Pressed,16,,
98ec0160fdd5432a853c52990c19cc5a,4444.52832,StageOne_Output_RemoveNode_Pressed,1,,
98ec0160fdd5432a853c52990c19cc5a,4444.52832,Help_opened_HiddenLayers,1,,
98ec0160fdd5432a853c52990c19cc5a,4444.52832,StageOne_HiddenLayers_Help_Pressed,1,,
98ec0160fdd5432a853c52990c19cc5a,4444.52832,Help_opened_OutputLayer,1,,
98ec0160fdd5432a853c52990c19cc5a,4444.52832,StageOne_OutputLayer_Help_Pressed,1,,
98ec0160fdd5432a853c52990c19cc5a,4444.52832,StageOne_LearningRate_Interacted,2,,
98ec0160fdd5432a853c52990c19cc5a,4444.52832,StageOne_TrainingCycle_Interacted,1,,
98ec0160fdd5432a853c52990c19cc5a,4444.52832,Help_opened_LearningRate,2,,
98ec0160fdd5432a853c52990c19cc5a,4444.52832,StageOne_LearningRate_Help_Pressed,2,,
98ec0160fdd5432a853c52990c19cc5a,4444.52832,Help_opened_TrainingCycle,1,,
98ec0160fdd5432a853c52990c19cc5a,4444.52832,StageOne_TrainingCycle_Help_Pressed,1,,
98ec0160fdd5432a853c52990c19cc5a,4444.52832,StageTwo_1_Dangerous,1,,
98ec0160fdd5432a853c52990c19cc5a,4444.52832,Help_opened_RewardAdjuster,3,,
98ec0160fdd5432a853c52990c19cc5a,4444.52832,StageTwo_1_Help_Reward_Pressed,2,,
98ec0160fdd5432a853c52990c19cc5a,4444.52832,StageTwo_1_Goal,1,,
98ec0160fdd5432a853c52990c19cc5a,4444.52832,Help_opened_RLConfiguration,3,,
98ec0160fdd5432a853c52990c19cc5a,4444.52832,StageTwo_1_Help_Settings_Pressed,3,,
98ec0160fdd5432a853c52990c19cc5a,4444.52832,StageTwo_1_RL_LearningRate_Interacted,3,,
98ec0160fdd5432a853c52990c19cc5a,4444.52832,StageTwo_1_RL_MaxSteps_Interacted,1,,
98ec0160fdd5432a853c52990c19cc5a,4444.52832,StageTwo_1_Start_Pressed,1,,
98ec0160fdd5432a853c52990c19cc5a,4444.52832,StageTwo_2_Enemy,3,,
98ec0160fdd5432a853c52990c19cc5a,4444.52832,StageTwo_2_Help_Reward_Pressed,1,,
98ec0160fdd5432a853c52990c19cc5a,4444.52832,StageTwo_2_Buff,1,,
98ec0160fdd5432a853c52990c19cc5a,4444.52832,StageTwo_2_RL_LearningRate_Interacted,3,,
98ec0160fdd5432a853c52990c19cc5a,4444.52832,StageTwo_2_RL_MaxSteps_Interacted,1,,
98ec0160fdd5432a853c52990c19cc5a,4444.52832,StageTwo_2_RL_MaxEpisodes_Interacted,1,,
98ec0160fdd5432a853c52990c19cc5a,4444.52832,StageTwo_2_Start_Pressed,1,,
98ec0160fdd5432a853c52990c19cc5a,4444.52832,StageTwo_3_Collectible,3,,
98ec0160fdd5432a853c52990c19cc5a,4444.52832,StageTwo_3_Enemy,1,,
98ec0160fdd5432a853c52990c19cc5a,4444.52832,StageTwo_3_RL_LearningRate_Interacted,2,,
98ec0160fdd5432a853c52990c19cc5a,4444.52832,StageTwo_3_RL_ExplorationRate_Interacted,2,,
98ec0160fdd5432a853c52990c19cc5a,4444.52832,StageTwo_3_RL_MaxSteps_Interacted,3,,
98ec0160fdd5432a853c52990c19cc5a,4444.52832,StageTwo_3_RL_MaxEpisodes_Interacted,3,,
98ec0160fdd5432a853c52990c19cc5a,4444.52832,StageTwo_3_Start_Pressed,3,,
98ec0160fdd5432a853c52990c19cc5a,4444.52832,,,StageOneTime,975.8950195
98ec0160fdd5432a853c52990c19cc5a,4444.52832,,,StageTwoTime,3370.353516
09432285831848998aab7087f9014935,878.6678467,Help_opened_HiddenLayers,1,,
09432285831848998aab7087f9014935,878.6678467,StageOne_HiddenLayers_Help_Pressed,1,,
09432285831848998aab7087f9014935,878.6678467,Help_opened_OutputLayer,2,,
09432285831848998aab7087f9014935,878.6678467,StageOne_OutputLayer_Help_Pressed,2,,
09432285831848998aab7087f9014935,878.6678467,StageOne_Input_AddNode_Pressed,10,,
09432285831848998aab7087f9014935,878.6678467,StageOne_Hidden_AddLayer_Pressed,11,,
09432285831848998aab7087f9014935,878.6678467,StageOne_Hidden_RemoveLayer_Pressed,11,,
09432285831848998aab7087f9014935,878.6678467,StageOne_Hidden_AddNode_Pressed,45,,
09432285831848998aab7087f9014935,878.6678467,StageOne_Hidden_RemoveNode_Pressed,45,,
09432285831848998aab7087f9014935,878.6678467,StageOne_Output_AddNode_Pressed,10,,
09432285831848998aab7087f9014935,878.6678467,StageOne_Test_Pressed,11,,
09432285831848998aab7087f9014935,878.6678467,StageOne_Input_RemoveNode_Pressed,4,,
09432285831848998aab7087f9014935,878.6678467,StageOne_Output_RemoveNode_Pressed,4,,
09432285831848998aab7087f9014935,878.6678467,StageTwo_1_RL_MaxSteps_Interacted,3,,
09432285831848998aab7087f9014935,878.6678467,StageTwo_1_RL_LearningRate_Interacted,2,,
09432285831848998aab7087f9014935,878.6678467,StageTwo_1_Dangerous,3,,
09432285831848998aab7087f9014935,878.6678467,StageTwo_1_Goal,2,,
09432285831848998aab7087f9014935,878.6678467,StageTwo_1_Start_Pressed,2,,
09432285831848998aab7087f9014935,878.6678467,StageTwo_2_Enemy,3,,
09432285831848998aab7087f9014935,878.6678467,StageTwo_2_Buff,1,,
09432285831848998aab7087f9014935,878.6678467,StageTwo_2_RL_MaxSteps_Interacted,1,,
09432285831848998aab7087f9014935,878.6678467,StageTwo_2_RL_MaxEpisodes_Interacted,1,,
09432285831848998aab7087f9014935,878.6678467,StageTwo_2_Start_Pressed,1,,
09432285831848998aab7087f9014935,878.6678467,StageTwo_3_Collectible,1,,
09432285831848998aab7087f9014935,878.6678467,StageTwo_3_Goal,1,,
09432285831848998aab7087f9014935,878.6678467,StageTwo_3_RL_LearningRate_Interacted,1,,
09432285831848998aab7087f9014935,878.6678467,StageTwo_3_RL_ExplorationRate_Interacted,1,,
09432285831848998aab7087f9014935,878.6678467,StageTwo_3_RL_MaxSteps_Interacted,1,,
09432285831848998aab7087f9014935,878.6678467,StageTwo_3_RL_MaxEpisodes_Interacted,1,,
09432285831848998aab7087f9014935,878.6678467,StageTwo_3_Start_Pressed,2,,
09432285831848998aab7087f9014935,878.6678467,StageTwo_3_Stop_Pressed,1,,
09432285831848998aab7087f9014935,878.6678467,,,StageOneTime,360.0100708
09432285831848998aab7087f9014935,878.6678467,,,StageTwoTime,504.3297424
95b5ac93496e402da1dd81b4d8b92a96,1576.541992,Help_opened_InputLayer,1,,
95b5ac93496e402da1dd81b4d8b92a96,1576.541992,StageOne_InputLayer_Help_Pressed,1,,
95b5ac93496e402da1dd81b4d8b92a96,1576.541992,StageOne_Input_AddNode_Pressed,7,,
95b5ac93496e402da1dd81b4d8b92a96,1576.541992,StageOne_Hidden_AddLayer_Pressed,8,,
95b5ac93496e402da1dd81b4d8b92a96,1576.541992,StageOne_Hidden_RemoveLayer_Pressed,8,,
95b5ac93496e402da1dd81b4d8b92a96,1576.541992,StageOne_Output_AddNode_Pressed,8,,
95b5ac93496e402da1dd81b4d8b92a96,1576.541992,StageOne_Output_RemoveNode_Pressed,3,,
95b5ac93496e402da1dd81b4d8b92a96,1576.541992,StageOne_Hidden_AddNode_Pressed,42,,
95b5ac93496e402da1dd81b4d8b92a96,1576.541992,StageOne_Hidden_RemoveNode_Pressed,42,,
95b5ac93496e402da1dd81b4d8b92a96,1576.541992,StageOne_Input_RemoveNode_Pressed,2,,
95b5ac93496e402da1dd81b4d8b92a96,1576.541992,StageOne_Test_Pressed,13,,
95b5ac93496e402da1dd81b4d8b92a96,1576.541992,StageOne_LearningRate_Interacted,3,,
95b5ac93496e402da1dd81b4d8b92a96,1576.541992,StageTwo_1_Goal,2,,
95b5ac93496e402da1dd81b4d8b92a96,1576.541992,StageTwo_1_Dangerous,2,,
95b5ac93496e402da1dd81b4d8b92a96,1576.541992,StageTwo_1_RL_LearningRate_Interacted,2,,
95b5ac93496e402da1dd81b4d8b92a96,1576.541992,StageTwo_1_RL_MaxSteps_Interacted,2,,
95b5ac93496e402da1dd81b4d8b92a96,1576.541992,StageTwo_1_Start_Pressed,3,,
95b5ac93496e402da1dd81b4d8b92a96,1576.541992,StageTwo_2_RL_LearningRate_Interacted,1,,
95b5ac93496e402da1dd81b4d8b92a96,1576.541992,StageTwo_2_RL_MaxSteps_Interacted,1,,
95b5ac93496e402da1dd81b4d8b92a96,1576.541992,StageTwo_2_RL_MaxEpisodes_Interacted,1,,
95b5ac93496e402da1dd81b4d8b92a96,1576.541992,StageTwo_2_Start_Pressed,1,,
95b5ac93496e402da1dd81b4d8b92a96,1576.541992,StageTwo_3_Collectible,2,,
95b5ac93496e402da1dd81b4d8b92a96,1576.541992,StageTwo_3_Enemy,1,,
95b5ac93496e402da1dd81b4d8b92a96,1576.541992,StageTwo_3_RL_LearningRate_Interacted,1,,
95b5ac93496e402da1dd81b4d8b92a96,1576.541992,StageTwo_3_RL_ExplorationRate_Interacted,1,,
95b5ac93496e402da1dd81b4d8b92a96,1576.541992,StageTwo_3_RL_MaxSteps_Interacted,1,,
95b5ac93496e402da1dd81b4d8b92a96,1576.541992,StageTwo_3_RL_MaxEpisodes_Interacted,1,,
95b5ac93496e402da1dd81b4d8b92a96,1576.541992,StageTwo_3_Start_Pressed,1,,
95b5ac93496e402da1dd81b4d8b92a96,1576.541992,,,StageOneTime,586.9320068
95b5ac93496e402da1dd81b4d8b92a96,1576.541992,,,StageTwoTime,948.2089844
44a779bd5bb04b1d8d5465f73b3cf25c,1654.158081,Help_opened_InputLayer,1,,
44a779bd5bb04b1d8d5465f73b3cf25c,1654.158081,StageOne_InputLayer_Help_Pressed,1,,
44a779bd5bb04b1d8d5465f73b3cf25c,1654.158081,StageOne_Input_AddNode_Pressed,6,,
44a779bd5bb04b1d8d5465f73b3cf25c,1654.158081,StageOne_Hidden_AddLayer_Pressed,6,,
44a779bd5bb04b1d8d5465f73b3cf25c,1654.158081,StageOne_Hidden_RemoveLayer_Pressed,6,,
44a779bd5bb04b1d8d5465f73b3cf25c,1654.158081,StageOne_Hidden_AddNode_Pressed,46,,
44a779bd5bb04b1d8d5465f73b3cf25c,1654.158081,StageOne_Hidden_RemoveNode_Pressed,46,,
44a779bd5bb04b1d8d5465f73b3cf25c,1654.158081,StageOne_Output_AddNode_Pressed,11,,
44a779bd5bb04b1d8d5465f73b3cf25c,1654.158081,StageOne_Output_RemoveNode_Pressed,7,,
44a779bd5bb04b1d8d5465f73b3cf25c,1654.158081,StageOne_Input_RemoveNode_Pressed,2,,
44a779bd5bb04b1d8d5465f73b3cf25c,1654.158081,StageOne_Test_Pressed,20,,
44a779bd5bb04b1d8d5465f73b3cf25c,1654.158081,StageTwo_1_Dangerous,1,,
44a779bd5bb04b1d8d5465f73b3cf25c,1654.158081,StageTwo_1_RL_MaxSteps_Interacted,11,,
44a779bd5bb04b1d8d5465f73b3cf25c,1654.158081,StageTwo_1_Start_Pressed,10,,
44a779bd5bb04b1d8d5465f73b3cf25c,1654.158081,StageTwo_1_Stop_Pressed,9,,
44a779bd5bb04b1d8d5465f73b3cf25c,1654.158081,StageTwo_1_RL_LearningRate_Interacted,1,,
44a779bd5bb04b1d8d5465f73b3cf25c,1654.158081,StageTwo_2_RL_LearningRate_Interacted,1,,
44a779bd5bb04b1d8d5465f73b3cf25c,1654.158081,StageTwo_2_Enemy,1,,
44a779bd5bb04b1d8d5465f73b3cf25c,1654.158081,StageTwo_2_Start_Pressed,1,,
44a779bd5bb04b1d8d5465f73b3cf25c,1654.158081,StageTwo_3_Goal,1,,
44a779bd5bb04b1d8d5465f73b3cf25c,1654.158081,StageTwo_3_RL_ExplorationRate_Interacted,1,,
44a779bd5bb04b1d8d5465f73b3cf25c,1654.158081,StageTwo_3_RL_MaxSteps_Interacted,1,,
44a779bd5bb04b1d8d5465f73b3cf25c,1654.158081,StageTwo_3_RL_MaxEpisodes_Interacted,3,,
44a779bd5bb04b1d8d5465f73b3cf25c,1654.158081,StageTwo_3_Start_Pressed,6,,
44a779bd5bb04b1d8d5465f73b3cf25c,1654.158081,StageTwo_3_Enemy,1,,
44a779bd5bb04b1d8d5465f73b3cf25c,1654.158081,StageTwo_3_Collectible,1,,
44a779bd5bb04b1d8d5465f73b3cf25c,1654.158081,,,StageOneTime,532.1407471
44a779bd5bb04b1d8d5465f73b3cf25c,1654.158081,,,StageTwoTime,1103.060791
930e5424a9574ad9805cbe956a99ac04,232.8662872,,,PaperOpen,210.5928497
4da2428316fc409abf29b6a2f01840e8,952.0393066,Help_opened_InputLayer,2,,
4da2428316fc409abf29b6a2f01840e8,952.0393066,StageOne_InputLayer_Help_Pressed,2,,
4da2428316fc409abf29b6a2f01840e8,952.0393066,StageOne_Test_Pressed,10,,
4da2428316fc409abf29b6a2f01840e8,952.0393066,StageOne_Input_AddNode_Pressed,5,,
4da2428316fc409abf29b6a2f01840e8,952.0393066,StageOne_Hidden_AddLayer_Pressed,4,,
4da2428316fc409abf29b6a2f01840e8,952.0393066,StageOne_Hidden_RemoveLayer_Pressed,4,,
4da2428316fc409abf29b6a2f01840e8,952.0393066,StageOne_Output_AddNode_Pressed,4,,
4da2428316fc409abf29b6a2f01840e8,952.0393066,StageOne_Hidden_AddNode_Pressed,17,,
4da2428316fc409abf29b6a2f01840e8,952.0393066,StageOne_Hidden_RemoveNode_Pressed,17,,
4da2428316fc409abf29b6a2f01840e8,952.0393066,StageOne_Input_RemoveNode_Pressed,1,,
4da2428316fc409abf29b6a2f01840e8,952.0393066,StageOne_TrainingCycle_Interacted,1,,
4da2428316fc409abf29b6a2f01840e8,952.0393066,StageOne_LearningRate_Interacted,1,,
4da2428316fc409abf29b6a2f01840e8,952.0393066,StageTwo_1_RL_MaxSteps_Interacted,3,,
4da2428316fc409abf29b6a2f01840e8,952.0393066,StageTwo_1_Dangerous,1,,
4da2428316fc409abf29b6a2f01840e8,952.0393066,StageTwo_1_RL_LearningRate_Interacted,1,,
4da2428316fc409abf29b6a2f01840e8,952.0393066,StageTwo_1_Start_Pressed,3,,
4da2428316fc409abf29b6a2f01840e8,952.0393066,StageTwo_2_Enemy,1,,
4da2428316fc409abf29b6a2f01840e8,952.0393066,StageTwo_2_Buff,1,,
4da2428316fc409abf29b6a2f01840e8,952.0393066,StageTwo_2_RL_MaxSteps_Interacted,1,,
4da2428316fc409abf29b6a2f01840e8,952.0393066,StageTwo_2_RL_MaxEpisodes_Interacted,1,,
4da2428316fc409abf29b6a2f01840e8,952.0393066,StageTwo_2_RL_LearningRate_Interacted,1,,
4da2428316fc409abf29b6a2f01840e8,952.0393066,StageTwo_2_Start_Pressed,1,,
4da2428316fc409abf29b6a2f01840e8,952.0393066,StageTwo_3_Goal,1,,
4da2428316fc409abf29b6a2f01840e8,952.0393066,StageTwo_3_Collectible,1,,
4da2428316fc409abf29b6a2f01840e8,952.0393066,StageTwo_3_Enemy,1,,
4da2428316fc409abf29b6a2f01840e8,952.0393066,StageTwo_3_RL_LearningRate_Interacted,1,,
4da2428316fc409abf29b6a2f01840e8,952.0393066,StageTwo_3_RL_ExplorationRate_Interacted,1,,
4da2428316fc409abf29b6a2f01840e8,952.0393066,StageTwo_3_RL_MaxSteps_Interacted,1,,
4da2428316fc409abf29b6a2f01840e8,952.0393066,StageTwo_3_RL_MaxEpisodes_Interacted,1,,
4da2428316fc409abf29b6a2f01840e8,952.0393066,StageTwo_3_Start_Pressed,1,,
4da2428316fc409abf29b6a2f01840e8,952.0393066,,,StageOneTime,292.5222778
4da2428316fc409abf29b6a2f01840e8,952.0393066,,,StageTwoTime,598.4358521
6e0c2b9371fc4ab9b7e4a3d279c896f0,812.7545776,Help_opened_InputLayer,1,,
6e0c2b9371fc4ab9b7e4a3d279c896f0,812.7545776,StageOne_InputLayer_Help_Pressed,1,,
6e0c2b9371fc4ab9b7e4a3d279c896f0,812.7545776,StageOne_Input_RemoveNode_Pressed,2,,
6e0c2b9371fc4ab9b7e4a3d279c896f0,812.7545776,StageOne_Output_AddNode_Pressed,13,,
6e0c2b9371fc4ab9b7e4a3d279c896f0,812.7545776,StageOne_Output_RemoveNode_Pressed,9,,
6e0c2b9371fc4ab9b7e4a3d279c896f0,812.7545776,StageOne_Hidden_AddLayer_Pressed,8,,
6e0c2b9371fc4ab9b7e4a3d279c896f0,812.7545776,StageOne_Hidden_RemoveLayer_Pressed,8,,
6e0c2b9371fc4ab9b7e4a3d279c896f0,812.7545776,StageOne_Input_AddNode_Pressed,7,,
6e0c2b9371fc4ab9b7e4a3d279c896f0,812.7545776,StageOne_Test_Pressed,16,,
6e0c2b9371fc4ab9b7e4a3d279c896f0,812.7545776,StageOne_Hidden_AddNode_Pressed,31,,
6e0c2b9371fc4ab9b7e4a3d279c896f0,812.7545776,StageOne_Hidden_RemoveNode_Pressed,31,,
6e0c2b9371fc4ab9b7e4a3d279c896f0,812.7545776,StageTwo_1_Goal,3,,
6e0c2b9371fc4ab9b7e4a3d279c896f0,812.7545776,StageTwo_1_Dangerous,5,,
6e0c2b9371fc4ab9b7e4a3d279c896f0,812.7545776,StageTwo_1_RL_LearningRate_Interacted,11,,
6e0c2b9371fc4ab9b7e4a3d279c896f0,812.7545776,StageTwo_1_RL_MaxSteps_Interacted,3,,
6e0c2b9371fc4ab9b7e4a3d279c896f0,812.7545776,StageTwo_1_Start_Pressed,6,,
6e0c2b9371fc4ab9b7e4a3d279c896f0,812.7545776,StageTwo_1_Stop_Pressed,5,,
6e0c2b9371fc4ab9b7e4a3d279c896f0,812.7545776,StageTwo_2_Enemy,1,,
6e0c2b9371fc4ab9b7e4a3d279c896f0,812.7545776,StageTwo_2_Buff,1,,
6e0c2b9371fc4ab9b7e4a3d279c896f0,812.7545776,StageTwo_2_RL_MaxSteps_Interacted,2,,
6e0c2b9371fc4ab9b7e4a3d279c896f0,812.7545776,StageTwo_2_RL_MaxEpisodes_Interacted,1,,
6e0c2b9371fc4ab9b7e4a3d279c896f0,812.7545776,StageTwo_2_RL_LearningRate_Interacted,1,,
6e0c2b9371fc4ab9b7e4a3d279c896f0,812.7545776,StageTwo_2_Start_Pressed,1,,
6e0c2b9371fc4ab9b7e4a3d279c896f0,812.7545776,StageTwo_3_Goal,1,,
6e0c2b9371fc4ab9b7e4a3d279c896f0,812.7545776,StageTwo_3_Collectible,1,,
6e0c2b9371fc4ab9b7e4a3d279c896f0,812.7545776,StageTwo_3_Enemy,1,,
6e0c2b9371fc4ab9b7e4a3d279c896f0,812.7545776,StageTwo_3_RL_LearningRate_Interacted,1,,
6e0c2b9371fc4ab9b7e4a3d279c896f0,812.7545776,StageTwo_3_RL_ExplorationRate_Interacted,1,,
6e0c2b9371fc4ab9b7e4a3d279c896f0,812.7545776,StageTwo_3_RL_MaxSteps_Interacted,1,,
6e0c2b9371fc4ab9b7e4a3d279c896f0,812.7545776,StageTwo_3_RL_MaxEpisodes_Interacted,1,,
6e0c2b9371fc4ab9b7e4a3d279c896f0,812.7545776,StageTwo_3_Start_Pressed,1,,
6e0c2b9371fc4ab9b7e4a3d279c896f0,812.7545776,,,StageOneTime,371.4065552
6e0c2b9371fc4ab9b7e4a3d279c896f0,812.7545776,,,StageTwoTime,403.2765503
cc2a8301fdd940ada97ea665e35464ae,231.2417145,Help_opened_InputLayer,1,,
cc2a8301fdd940ada97ea665e35464ae,231.2417145,StageOne_InputLayer_Help_Pressed,1,,
cc2a8301fdd940ada97ea665e35464ae,231.2417145,StageOne_Input_AddNode_Pressed,4,,
cc2a8301fdd940ada97ea665e35464ae,231.2417145,StageOne_Hidden_AddLayer_Pressed,3,,
cc2a8301fdd940ada97ea665e35464ae,231.2417145,StageOne_Hidden_RemoveLayer_Pressed,3,,
cc2a8301fdd940ada97ea665e35464ae,231.2417145,StageOne_Hidden_AddNode_Pressed,13,,
cc2a8301fdd940ada97ea665e35464ae,231.2417145,StageOne_Hidden_RemoveNode_Pressed,13,,
cc2a8301fdd940ada97ea665e35464ae,231.2417145,StageOne_Output_AddNode_Pressed,4,,
cc2a8301fdd940ada97ea665e35464ae,231.2417145,StageOne_Test_Pressed,1,,
cc2a8301fdd940ada97ea665e35464ae,231.2417145,StageOne_TrainingCycle_Interacted,1,,
cc2a8301fdd940ada97ea665e35464ae,231.2417145,StageOne_LearningRate_Interacted,1,,
cc2a8301fdd940ada97ea665e35464ae,231.2417145,,,StageOneTime,132.378418
cc2a8301fdd940ada97ea665e35464ae,231.2417145,,,StageTwoTime,89.67181396
3e6130d170f64ed2b6cda84d8a354a41,142.892746,,,PaperOpen,135.2674408
6f307bb4413948fd94c102f6fc370705,151.6549225,,,PaperOpen,143.8318176
f0f7348c82b744aebef85c1689ad07ba,309.8845825,,,PaperOpen,277.6138306
59c20325bc0741dcbbe7cb93fe1e59ff,881.3165283,Help_opened_InputLayer,1,,
59c20325bc0741dcbbe7cb93fe1e59ff,881.3165283,StageOne_InputLayer_Help_Pressed,1,,
59c20325bc0741dcbbe7cb93fe1e59ff,881.3165283,Help_opened_HiddenLayers,1,,
59c20325bc0741dcbbe7cb93fe1e59ff,881.3165283,StageOne_HiddenLayers_Help_Pressed,1,,
59c20325bc0741dcbbe7cb93fe1e59ff,881.3165283,Help_opened_OutputLayer,1,,
59c20325bc0741dcbbe7cb93fe1e59ff,881.3165283,StageOne_OutputLayer_Help_Pressed,1,,
59c20325bc0741dcbbe7cb93fe1e59ff,881.3165283,StageOne_Input_AddNode_Pressed,4,,
59c20325bc0741dcbbe7cb93fe1e59ff,881.3165283,StageOne_Hidden_AddLayer_Pressed,3,,
59c20325bc0741dcbbe7cb93fe1e59ff,881.3165283,StageOne_Hidden_RemoveLayer_Pressed,3,,
59c20325bc0741dcbbe7cb93fe1e59ff,881.3165283,StageOne_Output_AddNode_Pressed,4,,
59c20325bc0741dcbbe7cb93fe1e59ff,881.3165283,StageOne_Hidden_AddNode_Pressed,7,,
59c20325bc0741dcbbe7cb93fe1e59ff,881.3165283,StageOne_Hidden_RemoveNode_Pressed,7,,
59c20325bc0741dcbbe7cb93fe1e59ff,881.3165283,StageOne_Test_Pressed,1,,
59c20325bc0741dcbbe7cb93fe1e59ff,881.3165283,Help_opened_LearningRate,1,,
59c20325bc0741dcbbe7cb93fe1e59ff,881.3165283,StageOne_LearningRate_Help_Pressed,1,,
59c20325bc0741dcbbe7cb93fe1e59ff,881.3165283,Help_opened_TrainingCycle,1,,
59c20325bc0741dcbbe7cb93fe1e59ff,881.3165283,StageOne_TrainingCycle_Help_Pressed,1,,
59c20325bc0741dcbbe7cb93fe1e59ff,881.3165283,StageTwo_1_RL_LearningRate_Interacted,1,,
59c20325bc0741dcbbe7cb93fe1e59ff,881.3165283,StageTwo_1_RL_MaxSteps_Interacted,1,,
59c20325bc0741dcbbe7cb93fe1e59ff,881.3165283,Help_opened_RLConfiguration,2,,
59c20325bc0741dcbbe7cb93fe1e59ff,881.3165283,StageTwo_1_Help_Settings_Pressed,1,,
59c20325bc0741dcbbe7cb93fe1e59ff,881.3165283,Help_opened_RewardAdjuster,2,,
59c20325bc0741dcbbe7cb93fe1e59ff,881.3165283,StageTwo_1_Help_Reward_Pressed,1,,
59c20325bc0741dcbbe7cb93fe1e59ff,881.3165283,StageTwo_1_Start_Pressed,1,,
59c20325bc0741dcbbe7cb93fe1e59ff,881.3165283,StageTwo_2_Enemy,1,,
59c20325bc0741dcbbe7cb93fe1e59ff,881.3165283,StageTwo_2_RL_MaxEpisodes_Interacted,1,,
59c20325bc0741dcbbe7cb93fe1e59ff,881.3165283,StageTwo_2_Start_Pressed,1,,
59c20325bc0741dcbbe7cb93fe1e59ff,881.3165283,StageTwo_2_Help_Reward_Pressed,1,,
59c20325bc0741dcbbe7cb93fe1e59ff,881.3165283,StageTwo_2_Help_Settings_Pressed,1,,
59c20325bc0741dcbbe7cb93fe1e59ff,881.3165283,StageTwo_3_Collectible,2,,
59c20325bc0741dcbbe7cb93fe1e59ff,881.3165283,StageTwo_3_RL_MaxEpisodes_Interacted,3,,
59c20325bc0741dcbbe7cb93fe1e59ff,881.3165283,StageTwo_3_RL_MaxSteps_Interacted,2,,
59c20325bc0741dcbbe7cb93fe1e59ff,881.3165283,StageTwo_3_RL_ExplorationRate_Interacted,2,,
59c20325bc0741dcbbe7cb93fe1e59ff,881.3165283,StageTwo_3_RL_LearningRate_Interacted,2,,
59c20325bc0741dcbbe7cb93fe1e59ff,881.3165283,StageTwo_3_Start_Pressed,2,,
59c20325bc0741dcbbe7cb93fe1e59ff,881.3165283,,,StageOneTime,247.2819672
59c20325bc0741dcbbe7cb93fe1e59ff,881.3165283,,,StageTwoTime,610.4729004
badbc3ffd0a0456e9168ed3d8e628571,413.7167053,,,PaperOpen,402.4135132
77872fcd115d416caffd31922bcadc74,1523.868164,Help_opened_InputLayer,1,,
77872fcd115d416caffd31922bcadc74,1523.868164,StageOne_InputLayer_Help_Pressed,1,,
77872fcd115d416caffd31922bcadc74,1523.868164,Help_opened_HiddenLayers,2,,
77872fcd115d416caffd31922bcadc74,1523.868164,StageOne_HiddenLayers_Help_Pressed,2,,
77872fcd115d416caffd31922bcadc74,1523.868164,Help_opened_OutputLayer,1,,
77872fcd115d416caffd31922bcadc74,1523.868164,StageOne_OutputLayer_Help_Pressed,1,,
77872fcd115d416caffd31922bcadc74,1523.868164,StageOne_Input_AddNode_Pressed,4,,
77872fcd115d416caffd31922bcadc74,1523.868164,StageOne_Hidden_AddLayer_Pressed,3,,
77872fcd115d416caffd31922bcadc74,1523.868164,StageOne_Hidden_RemoveLayer_Pressed,3,,
77872fcd115d416caffd31922bcadc74,1523.868164,StageOne_Hidden_AddNode_Pressed,16,,
77872fcd115d416caffd31922bcadc74,1523.868164,StageOne_Hidden_RemoveNode_Pressed,16,,
77872fcd115d416caffd31922bcadc74,1523.868164,StageOne_Output_AddNode_Pressed,4,,
77872fcd115d416caffd31922bcadc74,1523.868164,StageOne_Test_Pressed,7,,
77872fcd115d416caffd31922bcadc74,1523.868164,StageOne_LearningRate_Interacted,1,,
77872fcd115d416caffd31922bcadc74,1523.868164,Help_opened_TrainingCycle,2,,
77872fcd115d416caffd31922bcadc74,1523.868164,StageOne_TrainingCycle_Help_Pressed,2,,
77872fcd115d416caffd31922bcadc74,1523.868164,Help_opened_LearningRate,1,,
77872fcd115d416caffd31922bcadc74,1523.868164,StageOne_LearningRate_Help_Pressed,1,,
77872fcd115d416caffd31922bcadc74,1523.868164,StageTwo_1_Goal,2,,
77872fcd115d416caffd31922bcadc74,1523.868164,Help_opened_RewardAdjuster,4,,
77872fcd115d416caffd31922bcadc74,1523.868164,StageTwo_1_Help_Reward_Pressed,2,,
77872fcd115d416caffd31922bcadc74,1523.868164,StageTwo_1_RL_LearningRate_Interacted,2,,
77872fcd115d416caffd31922bcadc74,1523.868164,Help_opened_RLConfiguration,1,,
77872fcd115d416caffd31922bcadc74,1523.868164,StageTwo_1_Help_Settings_Pressed,1,,
77872fcd115d416caffd31922bcadc74,1523.868164,StageTwo_1_RL_MaxSteps_Interacted,1,,
77872fcd115d416caffd31922bcadc74,1523.868164,StageTwo_1_Dangerous,1,,
77872fcd115d416caffd31922bcadc74,1523.868164,StageTwo_1_Start_Pressed,1,,
77872fcd115d416caffd31922bcadc74,1523.868164,StageTwo_2_Help_Reward_Pressed,2,,
77872fcd115d416caffd31922bcadc74,1523.868164,StageTwo_2_Enemy,1,,
77872fcd115d416caffd31922bcadc74,1523.868164,StageTwo_2_Buff,1,,
77872fcd115d416caffd31922bcadc74,1523.868164,StageTwo_2_RL_LearningRate_Interacted,1,,
77872fcd115d416caffd31922bcadc74,1523.868164,StageTwo_2_RL_MaxSteps_Interacted,1,,
77872fcd115d416caffd31922bcadc74,1523.868164,StageTwo_2_RL_MaxEpisodes_Interacted,1,,
77872fcd115d416caffd31922bcadc74,1523.868164,StageTwo_2_Start_Pressed,1,,
77872fcd115d416caffd31922bcadc74,1523.868164,StageTwo_3_Goal,1,,
77872fcd115d416caffd31922bcadc74,1523.868164,StageTwo_3_Collectible,2,,
77872fcd115d416caffd31922bcadc74,1523.868164,StageTwo_3_Enemy,1,,
77872fcd115d416caffd31922bcadc74,1523.868164,StageTwo_3_RL_ExplorationRate_Interacted,1,,
77872fcd115d416caffd31922bcadc74,1523.868164,StageTwo_3_RL_MaxSteps_Interacted,1,,
77872fcd115d416caffd31922bcadc74,1523.868164,StageTwo_3_RL_MaxEpisodes_Interacted,1,,
77872fcd115d416caffd31922bcadc74,1523.868164,StageTwo_3_RL_LearningRate_Interacted,1,,
77872fcd115d416caffd31922bcadc74,1523.868164,StageTwo_3_Start_Pressed,1,,
77872fcd115d416caffd31922bcadc74,1523.868164,,,StageOneTime,482.9816895
77872fcd115d416caffd31922bcadc74,1523.868164,,,StageTwoTime,932.2024536